INPUT,OUTPUT,ERROR,MIN,MAX,MIN_SEED,MAX_SEED
0.000976562,0.19668,0.0974671,0.0951234,0.100983,5,445
0.00195312,0.19873,0.0737305,0.0693359,0.0791016,5,445
0.00292969,0.204199,0.0611099,0.0580826,0.0649185,824,445
0.00390625,0.205371,0.047881,0.0446583,0.0524708,709,445
0.00488281,0.211816,0.0421653,0.0393333,0.0461692,158,14
0.00585938,0.214551,0.0342696,0.0306563,0.0384688,158,534
0.00683594,0.219141,0.0293538,0.0250569,0.0357991,216,276
0.0078125,0.219727,0.0213014,0.0164186,0.0281374,216,276
0.00878906,0.220801,0.0144303,0.00944986,0.0211686,216,276
0.00976562,0.222754,0.00900691,0.00500301,0.0167218,709,276
0.0107422,0.227246,0.00659932,5.6354e-05,0.0215407,709,276
0.0117188,0.22832,0.0046077,0.000577574,0.016024,14,276
0.0126953,0.233887,0.00573842,0.0028132,0.0137884,216,276
0.0136719,0.236426,0.00548156,0.000835148,0.0106008,158,5
0.0146484,0.241699,0.00608488,0.00249173,0.0103042,158,5
0.015625,0.24248,0.00888672,0.000976563,0.015625,694,5
0.0166016,0.247559,0.00784722,0.000755931,0.0158456,694,5
0.0175781,0.24834,0.0116706,0.00317454,0.0207527,694,5
0.0185547,0.253027,0.0117116,0.0010671,0.0205983,694,824
0.0195312,0.254395,0.0149098,0.0046559,0.0232106,694,824
0.0205078,0.258594,0.0151262,0.0041887,0.0227434,276,824
0.0214844,0.260742,0.0172553,0.000653761,0.0250678,276,824
0.0224609,0.266211,0.0159364,0.0018739,0.0243348,276,5
0.0234375,0.26709,0.0190887,0.00492856,0.0283661,276,5
0.0244141,0.272754,0.0173454,0.00201336,0.0293571,276,445
0.0253906,0.274316,0.0196004,0.00485434,0.0321981,276,445
0.0263672,0.275195,0.0224424,0.00759863,0.0359189,276,445
0.0273438,0.276562,0.0247053,0.0102522,0.0385725,276,445
0.0283203,0.282227,0.0225859,0.00989056,0.0372343,276,445
0.0292969,0.284277,0.0239992,0.0123781,0.0397218,276,445
0.0302734,0.29082,0.0208441,0.0079535,0.0362738,276,445
0.03125,0.291113,0.023867,0.0102928,0.0386131,276,445
0.0322266,0.29668,0.021548,0.00182146,0.0360011,276,445
0.0332031,0.297266,0.0241446,0.0108633,0.0372305,276,445
0.0341797,0.303223,0.0213082,0.00812463,0.0325387,276,445
0.0351562,0.301953,0.0256395,0.0102099,0.0346239,276,445
0.0361328,0.306152,0.0244459,0.0112623,0.0337233,276,445
0.0371094,0.308105,0.0254447,0.0112846,0.0356986,276,445
0.0380859,0.314258,0.022193,0.0132086,0.0307867,276,445
0.0390625,0.315332,0.0239702,0.0150835,0.0326616,276,445
0.0400391,0.317383,0.0247237,0.0159346,0.0344893,276,445
0.0410156,0.319238,0.0256272,0.0147874,0.0343186,276,445
0.0419922,0.32334,0.0242413,0.0155499,0.0360577,276,534
0.0429688,0.325391,0.0248643,0.0104112,0.0367784,276,534
0.0439453,0.327344,0.0255448,0.0120682,0.0335526,276,709
0.0449219,0.32959,0.0258935,0.0136865,0.0351709,276,709
0.0458984,0.334863,0.0231776,0.0152675,0.0338221,276,709
0.046875,0.335742,0.0248202,0.0168124,0.0353671,276,709
0.0478516,0.341211,0.0218382,0.0114866,0.032971,276,709
0.0488281,0.344043,0.0214592,0.0129632,0.0315178,276,709
0.0498047,0.349219,0.0187041,0.00659471,0.0280791,276,5
0.0507812,0.350293,0.020019,0.00800732,0.0294917,276,5
0.0517578,0.35498,0.0176903,0.00645981,0.0279442,276,5
0.0527344,0.355859,0.0191406,0.00878906,0.0292969,276,5
0.0537109,0.361035,0.0162655,0.0042538,0.0286679,216,445
0.0546875,0.362305,0.0172689,0.00457362,0.0309408,216,445
0.0556641,0.367969,0.0142448,0.000960297,0.0302572,216,5
0.0566406,0.369629,0.0145559,0.000726022,0.0315005,276,5
0.0576172,0.375488,0.0123069,0.00243771,0.0258826,216,5
0.0585938,0.377441,0.0122417,0.00124437,0.0251228,216,5
0.0595703,0.382617,0.00932999,7.50144e-05,0.0223859,216,5
0.0605469,0.384473,0.00935291,0.00107102,0.023532,216,5
0.0615234,0.385059,0.0104469,0.00219435,0.0246553,216,5
0.0625,0.385645,0.0117185,0.0025638,0.0257565,276,5
0.0634766,0.385742,0.0134612,0.00148411,0.0278128,276,5
0.0644531,0.387207,0.0140152,0.00140196,0.0288715,276,5
0.0654297,0.387207,0.0157496,0.00256598,0.0308863,216,5
0.0664062,0.387988,0.0169632,0.00260773,0.0328812,216,5
0.0673828,0.392578,0.014604,0.00127625,0.03388,216,5
0.0683594,0.394824,0.0143137,0.00127296,0.0348599,216,5
0.0693359,0.398926,0.012153,0.000664903,0.0348446,14,5
0.0703125,0.397656,0.0150847,0.00160809,0.0377409,14,5
0.0712891,0.397363,0.0172797,0.00253359,0.039643,14,5
0.0722656,0.392676,0.023852,0.0102777,0.0522699,276,14
0.0732422,0.396289,0.0221065,0.00237997,0.0502315,276,14
0.0742188,0.397168,0.023079,0.0042313,0.0511063,276,14
0.0751953,0.401367,0.0207149,0.0050899,0.0529415,276,14
0.0761719,0.402832,0.0210694,0.00593268,0.0528077,276,14
0.0771484,0.408887,0.0168186,0.0009006,0.0477756,276,14
0.078125,0.409766,0.0177284,0.00171274,0.0495643,276,14
0.0791016,0.412305,0.0186096,0.00446315,0.0474319,158,14
0.0800781,0.413086,0.0194311,0.00524591,0.0482147,158,14
0.0810547,0.416797,0.0173115,0.00601441,0.0450769,158,14
0.0820312,0.417383,0.0183058,0.00592636,0.0458315,276,14
0.0830078,0.422656,0.0151875,0.000673878,0.0416895,534,14
0.0839844,0.424609,0.0149033,0.000424758,0.0433935,534,14
0.0849609,0.429297,0.013574,0.000162478,0.0402015,534,14
0.0859375,0.42959,0.0148963,0.000112708,0.042856,534,14
0.0869141,0.431348,0.0156776,0.00137712,0.0435448,158,14
0.0878906,0.432227,0.0161811,0.000700837,0.044221,158,14
0.0888672,0.433105,0.0174584,0.00198988,0.0448851,158,14
0.0898438,0.434375,0.0181427,0.00133777,0.0455372,158,14
0.0908203,0.440234,0.0159878,0.00223227,0.0442245,709,14
0.0917969,0.442188,0.0155976,6.8615e-05,0.0419236,709,14
0.0927734,0.44707,0.0150633,0.00250197,0.0415645,445,14
0.09375,0.446777,0.0154035,0.00310827,0.0411942,216,14
0.0947266,0.448535,0.0143149,0.000202623,0.0378833,216,14
0.0957031,0.449219,0.0149965,0.00233509,0.0384679,216,14
0.0966797,0.452148,0.0150308,0.00193253,0.0390419,216,14
0.0976562,0.453711,0.0156469,0.00249612,0.0396055,216,14
0.0986328,0.45498,0.0155753,0.00280989,0.0391823,709,14
0.0996094,0.455859,0.0156949,0.00163966,0.0397256,216,14
0.100586,0.458789,0.0153223,0.00119649,0.040259,216,14
0.101562,0.459766,0.0155318,0.000743582,0.0407826,216,14
0.102539,0.461133,0.0157374,0.00223421,0.038367,216,14
0.103516,0.4625,0.0159393,0.00176228,0.0388717,216,14
0.104492,0.467578,0.0154297,0.00067206,0.0335076,534,14
0.105469,0.467578,0.0161738,0.00176727,0.0339938,534,14
0.106445,0.470313,0.0158203,0.00263834,0.0334945,534,14
0.107422,0.470898,0.0144531,0.00119344,0.0339628,534,14
0.108398,0.474316,0.0139648,0.00121929,0.0295396,694,14
0.109375,0.475098,0.0139648,0.0016703,0.0299906,694,14
0.110352,0.479785,0.0151048,0.00179342,0.0294566,534,14
0.111328,0.481836,0.0162875,0.0023358,0.0308673,534,14
0.112305,0.484473,0.015714,0.00386296,0.0312933,694,14
0.113281,0.485547,0.0153375,0.00344511,0.0317111,694,14
0.114258,0.488184,0.0159391,0.00303525,0.0330976,216,14
0.115234,0.489648,0.0165423,0.0016567,0.0334996,216,14
0.116211,0.486328,0.0207603,0.00126248,0.0631906,216,5
0.117188,0.483691,0.0196289,0.00282904,0.0635772,216,5
0.118164,0.482715,0.021678,0.00245004,0.0649328,216,5
0.119141,0.484961,0.0208984,0.000125352,0.0653043,824,5
0.120117,0.4875,0.0203125,0.00171426,0.0627389,216,5
0.121094,0.488477,0.0205078,0.00233386,0.0630958,824,5
0.12207,0.491895,0.0198242,0.000945641,0.0634456,445,5
0.123047,0.492871,0.0196289,0.0012884,0.0637884,445,5
0.124023,0.495801,0.0204759,0.00325861,0.0611945,824,5
0.125,0.497656,0.0201172,0.00390625,0.0556641,445,5
0.125977,0.497266,0.0204434,0.00260754,0.0628221,445,5
0.126953,0.499219,0.019599,0.00326866,0.0611845,824,5
0.12793,0.499512,0.0188537,0.00295981,0.0614933,824,5
0.128906,0.500488,0.0185979,0.00168093,0.0627722,216,5
0.129883,0.500977,0.019027,0.00138506,0.0640446,824,5
0.130859,0.503516,0.0191644,0.000118987,0.0643341,216,5
0.131836,0.503125,0.0195312,0.000812322,0.0636408,216,5
0.132812,0.503516,0.0194242,0.000441263,0.0648944,216,5
0.133789,0.504297,0.0204549,0.00124097,0.0661418,824,5
0.134766,0.504687,0.0205079,0.000976134,0.0664067,824,5
0.135742,0.506641,0.020169,0.00123584,0.0647124,216,5
0.136719,0.50791,0.0191454,0.000464338,0.0630122,216,5
0.137695,0.509082,0.0191514,0.000759327,0.0632593,445,5
0.138672,0.510449,0.0182665,0.000952469,0.0615475,824,5
0.139648,0.511816,0.0181703,0.00123628,0.0608066,824,5
0.140625,0.51377,0.0186523,0.000486857,0.06006,824,5
0.141602,0.514062,0.0188928,0.000262443,0.0602844,824,5
0.142578,0.515625,0.0187326,0.000933025,0.0605033,216,5
0.143555,0.516211,0.0192086,0.00309961,0.0616934,824,5
0.144531,0.518359,0.0181199,0.00135456,0.0589717,216,5
0.145508,0.518652,0.018494,0.00253387,0.0581979,216,5
0.146484,0.52041,0.0166596,0.000198334,0.0583954,824,5
0.147461,0.520312,0.0164038,0.000970506,0.0576111,824,5
0.148438,0.519629,0.0179435,0.00177205,0.0577983,216,5
0.149414,0.520508,0.0188952,0.00159002,0.0579803,216,5
0.150391,0.522168,0.0184778,0.00141302,0.0581573,216,5
0.151367,0.522656,0.0184489,0.000264439,0.0593059,216,5
0.152344,0.524121,0.0178322,9.73523e-05,0.0575198,216,5
0.15332,0.524707,0.0183006,6.4857e-05,0.057682,216,5
0.154297,0.527441,0.01796,0.00173088,0.0578394,216,5
0.155273,0.528418,0.0174351,0.00157827,0.057992,216,5
0.15625,0.52959,0.0169083,0.00143039,0.0571634,216,5
0.157227,0.52998,0.0173562,0.000310618,0.0573066,216,5
0.158203,0.533105,0.0168257,0.00407829,0.0545155,216,5
0.15918,0.53252,0.0172699,0.00394428,0.055626,216,5
0.160156,0.533789,0.0170288,0.00381481,0.0547789,216,5
0.161133,0.534082,0.017567,0.00368983,0.0549039,216,5
0.162109,0.538965,0.0166387,0.00424321,0.0501416,445,5
0.163086,0.54043,0.0160016,0.00345315,0.0483047,216,5
0.164062,0.54082,0.015851,0.00334136,0.049393,216,5
0.165039,0.541113,0.0161869,0.00225732,0.0495005,216,5
0.166016,0.545508,0.0148036,0.00272871,0.0496037,534,5
0.166992,0.545312,0.0155842,0.00087457,0.0487261,276,5
0.167969,0.544238,0.0159151,0.00096937,0.0546803,276,5
0.168945,0.545605,0.0159514,0.00106003,0.054771,276,5
0.169922,0.546484,0.0162789,0.00114658,0.0558341,276,5
0.170898,0.548145,0.0157732,0.000724061,0.0568931,276,5
0.171875,0.549805,0.0151714,0.00033096,0.055995,276,5
0.172852,0.549805,0.0157872,0.00040543,0.0570461,276,5
0.173828,0.554102,0.0150391,0.000500613,0.05614,824,5
0.174805,0.551465,0.0140734,0.000434008,0.0601129,824,5
0.175781,0.553613,0.0125234,0.000371282,0.0562693,824,5
0.176758,0.554102,0.0128906,0.000312397,0.0563282,824,5
0.177734,0.558594,0.0125515,0.000257319,0.0505239,534,5
0.178711,0.558008,0.0121094,0.00118258,0.0495987,824,5
0.179688,0.559277,0.012207,0.00113501,0.0496462,824,5
0.180664,0.560254,0.0120117,0.000114581,0.0487135,824,5
0.181641,0.561426,0.0118164,0.00202751,0.0487537,158,5
0.182617,0.562109,0.0117188,3.78323e-05,0.0497669,158,5
0.183594,0.561816,0.0124014,0.00194824,0.0497998,158,5
0.18457,0.562793,0.0124072,0.00192863,0.0498292,824,5
0.185547,0.563965,0.0126077,5.03294e-05,0.0508316,158,5
0.186523,0.565723,0.0122216,0.00104922,0.0489008,158,5
0.1875,0.56582,0.0113464,0.000885066,0.0508727,824,5
0.188477,0.565918,0.0116852,0.00108345,0.0518647,158,5
0.189453,0.566699,0.0118877,0.00207199,0.0518767,158,5
0.19043,0.567383,0.0123812,0.00208057,0.0528618,158,5
0.191406,0.568555,0.0123843,0.00306235,0.052867,445,5
0.192383,0.568652,0.0132643,0.00306423,0.0528689,276,5
0.193359,0.570508,0.0131392,0.000843436,0.0479847,276,5
0.194336,0.57168,0.0125514,0.000848135,0.0470034,276,5
0.195312,0.571973,0.0128171,0.000856083,0.047972,158,5
0.196289,0.572949,0.0126195,0.000867255,0.0469843,158,5
0.197266,0.573438,0.012519,0.000881624,0.0479465,276,5
0.198242,0.574512,0.0120427,0.00187573,0.0430461,158,5
0.199219,0.575781,0.0121321,0.00103328,0.0410723,14,5
0.200195,0.57666,0.0120249,0.00100948,0.0410485,14,5
0.201172,0.582617,0.00976683,6.01846e-06,0.0351623,14,5
0.202148,0.583691,0.00967276,2.39454e-05,0.0351323,14,5
0.203125,0.58418,0.00936361,0.000919609,0.031193,694,5
0.204102,0.584766,0.00974703,0.00283671,0.031157,14,5
0.205078,0.586816,0.00964157,0.00182112,0.0301414,694,5
0.206055,0.587305,0.00950071,0.00177913,0.031076,14,5
0.207031,0.591211,0.00883285,0.000218939,0.0281014,14,5
0.208008,0.594434,0.00982805,0.00124337,0.0290301,534,5
0.208984,0.598047,0.0121046,0.00324726,0.0289793,276,5
0.209961,0.598633,0.0117462,0.00427747,0.0289257,14,5
0.210938,0.596289,0.00993672,0.000427731,0.0298457,14,5
0.211914,0.595898,0.0105464,0.000487072,0.0307629,14,5
0.212891,0.595996,0.0106689,0.000549227,0.0307008,14,5
0.213867,0.595898,0.010865,0.000362388,0.0306358,694,5
0.214844,0.597949,0.012207,0.00029467,0.0334978,276,5
0.21582,0.598535,0.0120117,0.000224202,0.0334273,276,5
0.216797,0.599609,0.0128604,0.000825558,0.0333541,534,5
0.217773,0.600098,0.0137846,7.50981e-05,0.0342548,14,5
0.21875,0.600293,0.0147454,0.000973066,0.0322231,534,5
0.219727,0.600488,0.0149245,0.000891803,0.0321418,534,5
0.220703,0.598926,0.0113583,0.000807891,0.0291282,14,5
0.22168,0.599805,0.0112771,0.000255213,0.0290417,709,5
0.222656,0.600684,0.0116787,0.00160876,0.0299291,14,5
0.223633,0.60127,0.011056,0.000540456,0.0278842,14,5
0.224609,0.60459,0.0103431,0.000446141,0.0277899,14,5
0.225586,0.608008,0.00976562,0.000349273,0.0228102,14,5
0.226562,0.608496,0.0103039,0.00122643,0.0227108,14,5
0.227539,0.60918,0.0095999,0.00112451,0.0226089,14,5
0.228516,0.611133,0.00878906,0.000933032,0.0195748,14,5
0.229492,0.612305,0.00859375,6.33696e-05,0.0194679,14,5
0.230469,0.613574,0.00908203,0.00178039,0.0226337,14,158
0.231445,0.614453,0.009375,0.00126111,0.0246986,216,158
0.232422,0.616992,0.00972983,0.00137535,0.0277425,276,158
0.233398,0.618066,0.0100695,0.00246856,0.0278592,276,158
0.234375,0.620313,0.010996,0.00454073,0.0279782,276,158
0.235352,0.62168,0.0108492,0.00466216,0.0290762,276,158
0.236328,0.622559,0.0117777,0.00478594,0.0292,14,158
0.237305,0.623633,0.0121211,0.00583011,0.0293261,824,158
0.238281,0.622949,0.0120748,0.00113429,0.0294546,216,158
0.239258,0.624805,0.0132013,0.00419476,0.0305619,216,158
0.240234,0.626563,0.0128639,0.0053044,0.030695,276,158
0.241211,0.627734,0.013504,0.00543975,0.0308304,276,158
0.242188,0.628809,0.013852,0.00655394,0.030968,276,158
0.243164,0.629687,0.0140057,0.0047407,0.0320844,276,158
0.244141,0.630957,0.0139648,0.00488281,0.0322266,276,158
0.245117,0.632715,0.013632,0.00502715,0.0313943,276,158
0.246094,0.635156,0.0143742,0.00322057,0.0325174,276,158
0.24707,0.635449,0.0141407,0.00239275,0.0326662,276,158
0.248047,0.636914,0.0141034,0.00254366,0.0328171,276,158
0.249023,0.638281,0.013774,0.00269674,0.0349233,276,158
0.25,0.638672,0.0132502,0.00187541,0.0360551,276,158
0.250977,0.639648,0.0125319,0.00187347,0.0332828,824,158
0.251953,0.639551,0.0130839,0.00316883,0.0324657,276,158
0.25293,0.640039,0.012465,0.00333043,0.0306742,276,158
0.253906,0.641113,0.0128234,0.00334181,0.0269316,824,158
0.254883,0.642969,0.0127921,0.00122292,0.028074,824,158
0.255859,0.642383,0.0116873,0.00203163,0.0262887,824,158
0.256836,0.642285,0.011267,0.00186174,0.0245055,824,158
0.257812,0.641992,0.0111855,0.000713234,0.0246774,709,158
0.258789,0.643555,0.011025,0.000539264,0.0248514,824,158
0.259766,0.644238,0.0109625,0.00133984,0.0220977,824,158
0.260742,0.644336,0.0114864,0.00311498,0.0222756,709,158
0.261719,0.645605,0.0110341,0.00293499,0.0234322,709,158
0.262695,0.647363,0.0113011,0.00177647,0.0255673,709,158
0.263672,0.647461,0.0104958,0.000360582,0.0247746,445,158
0.264648,0.646777,0.0101679,0.000430098,0.0249605,445,158
0.265625,0.648047,0.0106937,0.000242273,0.0251484,445,158
0.266602,0.647949,0.0102434,5.25168e-05,0.0253381,709,158
0.267578,0.647656,0.00982129,0.000139158,0.0216235,709,158
0.268555,0.64834,0.00986761,0.00033274,0.0218171,445,158
0.269531,0.648926,0.00939896,0.000528218,0.0180265,445,5
0.270508,0.650391,0.00961504,0.00170214,0.0183037,709,158
0.271484,0.651074,0.00944161,0.00190138,0.0185029,709,158
0.272461,0.651172,0.00901425,0.00180377,0.0154756,709,5
0.273438,0.652539,0.00944546,0.00160083,0.0152727,709,5
0.274414,0.653125,0.00968173,0.00139604,0.0179976,709,5
0.275391,0.653223,0.00884415,0.000212858,0.0187675,709,5
0.276367,0.654297,0.00878818,4.42304e-06,0.0185591,709,5
0.277344,0.655273,0.0090667,0.000205819,0.0193254,709,5
0.27832,0.656445,0.00915152,0.000417858,0.0191134,709,5
0.279297,0.656738,0.010116,0.000631684,0.0257355,709,5
0.280273,0.657324,0.00981157,0.000847285,0.0264965,709,5
0.28125,0.657227,0.00921492,8.80889e-05,0.0262791,709,5
0.282227,0.659082,0.00965698,0.00128377,0.0270365,534,5
0.283203,0.660059,0.00968389,0.000448484,0.0258391,534,5
0.28418,0.660352,0.00889402,0.000225881,0.0256165,534,5
0.285156,0.659961,0.0082025,1.55352e-06,0.0273453,534,5
0.286133,0.661133,0.00751167,0.000752073,0.0241896,534,5
0.287109,0.661426,0.00691918,0.000524323,0.0239618,534,5
0.288086,0.662207,0.00662033,0.000294878,0.0227558,824,5
0.289062,0.662207,0.00710341,0.00104031,0.0254544,534,5
0.290039,0.662109,0.00651294,0.000169062,0.0261981,445,5
0.291016,0.662402,0.00681899,0.000573024,0.0279168,534,5
0.291992,0.6625,0.00683594,0.000336889,0.0286572,534,5
0.292969,0.6625,0.00683594,9.91057e-05,0.0284194,14,5
0.293945,0.663477,0.006864,0.000140318,0.0291566,694,5
0.294922,0.663281,0.00613096,0.000381372,0.0289155,709,5
0.295898,0.663086,0.00625,0.000352514,0.0286728,534,5
0.296875,0.66377,0.00634766,0.000108225,0.0284285,709,5
0.297852,0.664844,0.0072541,0.000137669,0.0301358,709,5
0.298828,0.664844,0.00800781,0.000591405,0.0298883,694,5
0.299805,0.666113,0.00680675,0.00034233,0.0286626,694,5
0.300781,0.667773,0.00703125,0.00106824,0.0254823,534,5
0.301758,0.669629,0.0069657,0.00113711,0.0252301,534,5
0.302734,0.669434,0.00721177,0.000414331,0.0259529,534,5
0.303711,0.670801,0.00745815,0.000669667,0.0237444,534,5
0.304688,0.671582,0.00750953,0.000926548,0.0244641,534,5
0.305664,0.672852,0.00785418,0.00118497,0.0242057,534,5
0.306641,0.673828,0.00790617,0.00144491,0.0239457,534,5
0.307617,0.675098,0.00712891,0.000246749,0.0236842,534,5
0.308594,0.675,0.00742512,0.000992791,0.0253744,824,5
0.30957,0.675391,0.00806395,0.00125727,0.0251099,216,5
0.310547,0.675488,0.00751953,0.000429877,0.0248439,694,5
0.311523,0.67666,0.00774733,0.000162412,0.0245765,694,5
0.3125,0.677246,0.00693359,0.000106533,0.0243075,824,5
0.313477,0.676953,0.00727109,0.000599611,0.0240371,694,5
0.314453,0.677441,0.00745531,0.000327728,0.0257184,694,5
0.31543,0.676562,0.00920144,0.00200751,0.0273981,694,5
0.316406,0.676953,0.00909153,0.00173272,0.0280999,694,5
0.317383,0.677832,0.009274,0.00145649,0.0327065,694,5
0.318359,0.678613,0.00877231,0.00117882,0.0324288,694,5
0.319336,0.678613,0.00807473,0.000899726,0.0321497,694,5
0.320312,0.679102,0.0082555,0.000619209,0.0338223,694,5
0.321289,0.67959,0.00882632,0.00033728,0.0325638,694,5
0.322266,0.679883,0.00939658,0.00200707,0.0322805,694,5
0.323242,0.680273,0.00928268,0.00218392,0.0319958,276,5
0.324219,0.681445,0.00868568,0.000516917,0.0307331,694,5
0.325195,0.683301,0.00872583,0.0011487,0.029469,534,5
0.326172,0.683691,0.00847274,0.000859806,0.0291801,534,5
0.327148,0.684863,0.00861,0.000569545,0.0288899,534,5
0.328125,0.684473,0.00874699,0.000277919,0.0295748,216,5
0.329102,0.685254,0.00869141,1.50641e-05,0.0292818,216,5
0.330078,0.685645,0.00869141,0.000309398,0.0289875,216,5
0.331055,0.685937,0.00827742,0.000605077,0.0277152,709,5
0.332031,0.686523,0.00841333,0.000902093,0.0274182,709,5
0.333008,0.688965,0.00845132,0.00120044,0.0212605,216,5
0.333984,0.689648,0.00818902,0.000453013,0.0209608,534,5
0.334961,0.691016,0.00803822,0.000152023,0.0206598,534,5
0.335938,0.691016,0.00859375,0.000150279,0.0223107,216,5
0.336914,0.690918,0.00899125,0.000453887,0.0229836,709,5
0.337891,0.692676,0.00869141,0.000217769,0.0236553,534,14
0.338867,0.693262,0.00869141,8.843e-05,0.0233491,534,14
0.339844,0.693945,0.00878906,0.000395916,0.0240181,534,14
0.34082,0.69541,0.00888672,0.000704683,0.0237094,709,14
0.341797,0.696875,0.00878906,3.81612e-05,0.0233993,534,14
0.342773,0.699316,0.00883119,0.000349471,0.0211349,534,14
0.34375,0.699316,0.00934685,0.000662042,0.0257051,534,14
0.344727,0.700391,0.00878906,6.92054e-07,0.0263679,694,14
0.345703,0.701074,0.0089496,0.000314386,0.0270294,694,14
0.34668,0.70127,0.00881755,0.00063071,0.026713,694,14
0.347656,0.701953,0.00899003,2.8291e-05,0.0263955,694,14
0.348633,0.703418,0.00822167,0.000290504,0.0251001,694,14
0.349609,0.703613,0.00810547,0.000366037,0.0257567,216,14
0.350586,0.704004,0.00791016,4.47934e-05,0.0244589,216,14
0.351562,0.705176,0.008161,0.000698897,0.0202301,445,14
0.352539,0.704785,0.00810547,0.000375227,0.020883,445,14
0.353516,0.705469,0.00800781,5.03532e-05,0.0205582,445,14
0.354492,0.706543,0.00802044,0.00027572,0.0212087,445,14
0.355469,0.707812,0.0079331,0.000373576,0.0208814,694,14
0.356445,0.7125,0.00818508,0.000931441,0.0194861,445,158
0.357422,0.713281,0.00792631,0.000284516,0.0198158,445,158
0.358398,0.71416,0.00803322,0.000361232,0.01917,445,158
0.359375,0.715527,0.00828908,2.9245e-05,0.019502,5,158
0.360352,0.715723,0.00783641,0.000303908,0.0198352,5,276
0.361328,0.716016,0.00767716,0.000638223,0.0182163,5,276
0.362305,0.716699,0.00810432,0.000973694,0.0185518,5,276
0.363281,0.71709,0.00765303,0.00131032,0.0169353,5,276
0.364258,0.717578,0.00853274,0.00225817,0.0172731,824,276
0.365234,0.718848,0.00772162,0.000942696,0.017612,709,276
0.366211,0.719629,0.00759431,0.000373911,0.0169755,534,276
0.367188,0.719727,0.00800781,0.000261477,0.0173166,534,158
0.368164,0.721094,0.00804014,0.00105739,0.0186355,534,158
0.369141,0.721387,0.00760438,0.00140081,0.0189789,534,158
0.370117,0.722461,0.00718501,0.00118434,0.0154172,445,158
0.371094,0.723047,0.00728171,0.000137865,0.0147863,824,694
0.37207,0.72373,0.00771338,0.000484618,0.0151331,824,694
0.373047,0.723633,0.0083408,0.000832472,0.0147925,824,5
0.374023,0.725586,0.00910729,0.00118142,0.0168064,824,276
0.375,0.727051,0.00843841,0.00153146,0.0171565,445,158
0.375977,0.728125,0.00874674,0.00188259,0.0175076,445,158
0.376953,0.729004,0.0086651,0.0022348,0.0178598,445,158
0.37793,0.729688,0.00838879,0.00258809,0.0172365,445,158
0.378906,0.731348,0.009285,0.00196589,0.019544,709,276
0.379883,0.730957,0.009034,0.000608367,0.0189229,709,276
0.380859,0.732031,0.00829769,0.000251875,0.0192794,14,694
0.381836,0.73291,0.00838532,0.000105677,0.0196369,14,694
0.382812,0.733496,0.00857935,0.000464283,0.0239018,824,694
0.383789,0.73291,0.00843504,0.000152623,0.0242614,824,694
0.384766,0.733789,0.00848167,0.000208079,0.0246221,824,694
0.385742,0.733691,0.00794277,0.000569822,0.0230308,824,694
0.386719,0.73418,0.00799023,0.000932602,0.0243701,824,694
0.387695,0.735059,0.00745216,0.000319852,0.0237574,445,694
0.388672,0.735059,0.0075981,0.000684692,0.0241222,445,694
0.389648,0.73584,0.00735382,7.39942e-05,0.0225349,445,694
0.390625,0.736133,0.00692411,0.000440878,0.0209487,824,694
0.391602,0.73623,0.00670472,0.000167785,0.0183869,445,694
0.392578,0.736816,0.00623279,0.000201125,0.0177792,445,694
0.393555,0.737598,0.00646186,0.00138208,0.0181492,445,694
0.394531,0.739648,0.00642455,3.46011e-05,0.016567,14,216
0.395508,0.740137,0.00713598,0.000639245,0.0169389,14,216
0.396484,0.741602,0.00784801,0.00124289,0.0182884,14,694
0.397461,0.741895,0.00758407,0.000107571,0.0167091,709,694
0.398438,0.74209,0.00761369,0.00048246,0.017084,709,694
0.399414,0.742578,0.00735094,0.000858332,0.0174599,709,694
0.400391,0.741992,0.00708297,0.000717942,0.0168602,824,694
0.401367,0.741797,0.00754916,0.00131668,0.0162614,709,694
0.402344,0.743262,0.00733195,0.000937885,0.0185934,5,694
0.40332,0.744531,0.00750556,0.000558124,0.0189731,5,694
0.404297,0.744922,0.0073864,0.0001774,0.0183773,5,694
0.405273,0.744824,0.00701531,0.000204283,0.0158293,5,158
0.40625,0.745996,0.0065045,0.00058692,0.0162119,709,694
0.407227,0.745996,0.00673586,0.000982616,0.0156189,824,158
0.408203,0.747461,0.00640139,0.00059808,0.0179566,824,158
0.40918,0.746973,0.00665324,0.00118916,0.0154124,824,694
0.410156,0.748535,0.00645195,0.000173818,0.0138457,824,158
0.411133,0.749316,0.00621066,0.000561173,0.014233,824,694
0.412109,0.750195,0.00642905,2.71016e-05,0.0146213,824,158
0.413086,0.749707,0.00605141,0.000362114,0.0150106,14,158
0.414062,0.749902,0.00558227,0.000752255,0.0144241,14,158
0.415039,0.750781,0.00615474,0.000809807,0.0148152,709,158
0.416016,0.751465,0.00629227,0.000417827,0.0152072,709,158
0.416992,0.751465,0.00594207,2.49334e-05,0.0126704,709,158
0.417969,0.751563,0.0060807,0.000368871,0.0130642,216,158
0.418945,0.752148,0.00675075,0.000763583,0.0232245,14,158
0.419922,0.753027,0.00681134,0.000182636,0.0236201,14,158
0.420898,0.75459,0.00736057,0.00137397,0.0240167,709,158
0.421875,0.756055,0.00820313,0.000976562,0.0253906,216,158
0.422852,0.755566,0.00787417,0.00137487,0.0238358,216,158
0.423828,0.755273,0.00761719,0.000179063,0.024235,216,158
0.424805,0.755566,0.00775905,0.000221017,0.0236585,709,158
0.425781,0.75625,0.00754627,0.000621981,0.0221064,709,158
0.426758,0.757324,0.00734312,4.7261e-05,0.0225082,216,158
0.427734,0.758105,0.00691827,0.00142654,0.0219344,709,158
0.428711,0.757812,0.00600549,0.000853572,0.0223379,5,158
0.429688,0.758203,0.00636259,0.000695092,0.0227424,14,158
0.430664,0.758301,0.00662238,0.000289765,0.0211946,14,158
0.431641,0.758984,0.00651517,0.000116425,0.0235539,14,158
0.432617,0.759277,0.00705237,0.000523475,0.0229844,14,158
0.433594,0.76084,0.00651586,0.000931382,0.0243689,14,158
0.43457,0.760254,0.00798287,0.0023167,0.0257542,709,158
0.435547,0.761328,0.00796714,0.0021565,0.0261638,14,158
0.436523,0.7625,0.00804923,0.00076948,0.0246211,5,158
0.4375,0.762012,0.00764321,0.00035818,0.0221028,5,158
0.438477,0.762109,0.00782329,0.00200709,0.0225149,216,158
0.439453,0.762109,0.00712464,0.00242006,0.0160919,216,158
0.44043,0.763184,0.00632849,0.00283388,0.0155292,534,158
0.441406,0.763965,0.00621611,0.000657731,0.0169204,5,158
0.442383,0.764648,0.0069828,0.000242259,0.0183124,5,158
0.443359,0.764746,0.00755434,0.00212716,0.0177522,534,158
0.444336,0.765625,0.00773542,0.00254428,0.0181693,534,158
0.445312,0.765137,0.00713541,0.00289716,0.0166341,276,158
0.446289,0.766113,0.00721916,0.0024784,0.0170528,276,158
0.447266,0.766309,0.00788901,0.00282398,0.0174724,534,158
0.448242,0.766895,0.00797309,0.00226779,0.0178928,534,158
0.449219,0.768457,0.0076667,0.00121727,0.0202671,5,158
0.450195,0.770312,0.00745813,0.000795283,0.0216657,5,158
0.451172,0.770703,0.00715206,0.000372492,0.0211119,5,158
0.452148,0.771484,0.00723678,0.000925466,0.0215355,709,158
0.453125,0.771777,0.00663806,0.000501081,0.0190302,709,158
0.454102,0.772559,0.00691841,7.5904e-05,0.0194553,709,158
0.455078,0.773535,0.00648768,0.000350063,0.022811,709,158
0.456055,0.773438,0.00636541,0.000776818,0.0232378,709,158
0.457031,0.774414,0.00614581,0.000748768,0.0236653,276,158
0.458008,0.774805,0.00592651,0.000320448,0.0211639,276,158
0.458984,0.775098,0.00524097,0.00206178,0.0186633,445,158
0.459961,0.775684,0.00539119,0.000438037,0.0190932,276,158
0.460938,0.774805,0.00409861,0.000969174,0.00878167,445,216
0.461914,0.775195,0.00407586,0.000424031,0.00921309,445,216
0.462891,0.775684,0.00417515,0.000120345,0.00866872,276,216
0.463867,0.776074,0.00451957,0.00128917,0.00812511,445,694
0.464844,0.77627,0.00430243,0.0012068,0.00855882,534,694
0.46582,0.777344,0.00476919,0.00077233,0.00899329,534,694
0.466797,0.778125,0.00501071,0.000337099,0.0143113,445,694
0.467773,0.77793,0.00626978,0.000877676,0.0147473,445,694
0.46875,0.778223,0.00665009,0.0014175,0.0132309,445,694
0.469727,0.779785,0.00712822,0.000980015,0.014645,445,694
0.470703,0.77998,0.0078018,0.00434103,0.0150832,5,694
0.47168,0.780957,0.00808491,0.00400905,0.0164988,445,694
0.472656,0.78252,0.00797754,0.00356934,0.0130322,445,158
0.473633,0.783203,0.00777266,0.00312888,0.0164024,445,158
0.474609,0.783789,0.00668903,0.000242004,0.0168436,694,158
0.475586,0.784375,0.00638679,0.000683932,0.0172855,694,158
0.476562,0.785059,0.00715891,0.000826534,0.0177282,445,158
0.477539,0.78623,0.00627103,0.000383145,0.0181715,445,158
0.478516,0.787012,0.00656736,6.09693e-05,0.0186157,445,158
0.479492,0.787598,0.00635467,0.000470755,0.0180839,824,158
0.480469,0.78916,0.0073091,0.00192793,0.0185295,445,158
0.481445,0.789941,0.00738156,0.00237421,0.0179992,445,158
0.482422,0.790137,0.00706382,0.00184464,0.0155165,5,158
0.483398,0.791797,0.00769326,0.00229235,0.0159642,5,158
0.484375,0.791797,0.00707543,0.00274077,0.0164126,5,158
0.485352,0.79209,0.00728504,0.00266947,0.0168618,824,158
0.486328,0.792578,0.00706666,0.000710056,0.0182882,14,158
0.487305,0.792969,0.00792292,0.00213716,0.0167856,14,709
0.488281,0.793945,0.00780304,0.00258841,0.0172368,14,709
0.489258,0.793945,0.00807421,0.00304035,0.0176888,14,709
0.490234,0.793066,0.00872142,0.00251643,0.0171649,14,709
0.491211,0.794238,0.00909806,0.00288961,0.0176182,824,709
0.492188,0.795508,0.00957265,0.00243557,0.0180722,824,709
0.493164,0.796289,0.0103405,0.00491054,0.0195035,534,709
0.494141,0.796875,0.010132,0.00347857,0.0180058,534,158
0.495117,0.797363,0.00982617,0.00106935,0.0184619,534,158
0.496094,0.79873,0.00961825,0.000612566,0.0169656,534,276
0.49707,0.799707,0.00977022,0.000821458,0.017423,534,276
0.498047,0.80127,0.010631,0.000303037,0.0198343,534,158
0.499023,0.802344,0.011004,0.00173842,0.0193165,534,158
0.5,0.803223,0.011182,0.000244787,0.0227057,534,276
0.500977,0.803125,0.0114148,0.00027161,0.0231659,534,276
0.501953,0.803027,0.0113062,0.000787335,0.0236267,534,276
0.50293,0.804297,0.0121744,0.00325552,0.0250648,534,276
0.503906,0.803711,0.0117733,0.00376991,0.0216207,534,276
0.504883,0.804883,0.0125444,0.00428363,0.0220836,534,276
0.505859,0.804688,0.0127298,0.00382014,0.0225471,534,158
0.506836,0.805176,0.0126225,0.00335598,0.0230112,534,276
0.507812,0.805078,0.0123201,0.00289116,0.0224995,534,158
0.508789,0.805469,0.012311,0.00437882,0.0239415,534,158
0.509766,0.806152,0.0123998,0.00488925,0.0234311,534,158
0.510742,0.806836,0.0122935,0.00344591,0.0219447,534,158
0.511719,0.807227,0.0122852,0.00395505,0.0214356,534,158
0.512695,0.807617,0.0118865,0.00348698,0.0219036,534,158
0.513672,0.806738,0.0115857,0.00479424,0.0213958,5,158
0.514648,0.80752,0.0109922,0.00352546,0.0218652,534,158
0.515625,0.806934,0.00981297,0.00305546,0.0194055,534,158
0.516602,0.807617,0.00912232,0.00160825,0.0198761,534,158
0.517578,0.808008,0.0087249,0.00179271,0.0203474,5,158
0.518555,0.80918,0.00930429,0.00226463,0.0217959,5,158
0.519531,0.809668,0.00920034,0.000784051,0.0212919,5,158
0.520508,0.810156,0.00909664,0.00125723,0.0198119,5,158
0.521484,0.810156,0.00850492,0.00173104,0.0193092,5,158
0.522461,0.810254,0.00742516,0.000724214,0.0168539,534,276
0.523438,0.810937,0.00732221,0.000249153,0.017329,534,276
0.524414,0.811035,0.00702421,0.000226531,0.0178047,5,276
0.525391,0.811426,0.00701942,0.000273726,0.018281,14,276
0.526367,0.811328,0.00648595,0.000773364,0.0177813,14,276
0.527344,0.810937,0.00599552,0.00127238,0.0172823,14,276
0.52832,0.811816,0.00579819,0.000794225,0.0177605,14,276
0.529297,0.812207,0.00608925,0.00129202,0.0172627,14,276
0.530273,0.813086,0.0064781,0.000812632,0.0177421,14,276
0.53125,0.813379,0.00608582,0.0013092,0.0172455,445,276
0.532227,0.813867,0.00608428,0.000147964,0.0177261,534,276
0.533203,0.81416,0.00615234,0.00132395,0.0182073,445,276
0.53418,0.814551,0.00598392,0.000842139,0.0186891,694,276
0.535156,0.814746,0.00588509,0.00133629,0.0162418,694,276
0.536133,0.815332,0.00637231,0.000123293,0.0167249,5,276
0.537109,0.815918,0.00666435,0.000369654,0.018185,694,276
0.538086,0.81582,0.00568697,0.000114558,0.0186692,694,276
0.539062,0.816309,0.00568628,0.000599366,0.0191541,694,276
0.540039,0.816016,0.00644531,0.00108477,0.020616,694,276
0.541016,0.817187,0.00722656,0.000594198,0.0240317,694,276
0.541992,0.817187,0.00703125,0.000104219,0.0245183,709,276
0.542969,0.817187,0.00749891,0.00136173,0.0250055,709,276
0.543945,0.816699,0.00749901,0.000102585,0.021587,694,276
0.544922,0.816797,0.00757613,0.000385635,0.0220753,5,276
0.545898,0.818457,0.00734488,0.000103291,0.0225642,5,276
0.546875,0.819043,0.00712891,0.000383765,0.0230537,694,276
0.547852,0.819043,0.00751953,0.000106321,0.0215907,5,276
0.548828,0.820215,0.00689011,0.000379578,0.0220814,5,276
0.549805,0.820508,0.00685827,0.000111662,0.0206195,709,276
0.550781,0.819824,0.00751953,0.000373086,0.0191582,709,276
0.551758,0.820312,0.00644531,0.000119301,0.018674,709,276
0.552734,0.821094,0.00644531,0.000364303,0.0181904,694,276
0.553711,0.822266,0.00666647,0.000847339,0.0186839,694,276
0.554688,0.822949,0.00647232,0.000353244,0.0182014,694,276
0.555664,0.823828,0.00708782,0.00111798,0.0186961,694,276
0.556641,0.823145,0.00595703,0.000339921,0.0143085,709,276
0.557617,0.82334,0.00618352,0.000155867,0.0148043,694,276
0.558594,0.823633,0.00559919,0.000324347,0.0143241,709,276
0.55957,0.824512,0.00563543,0.000172561,0.014821,709,276
0.560547,0.825098,0.0056391,0.000670027,0.0153185,5,276
0.561523,0.825977,0.00574066,0.000191486,0.0158165,5,276
0.5625,0.826465,0.00623306,0.000690063,0.0153385,5,276
0.563477,0.826562,0.00496786,0.00021263,0.0119314,5,276
0.564453,0.827148,0.00527344,0.00124081,0.0124311,5,276
0.56543,0.826758,0.00546875,0.00121254,0.0119547,14,158
0.566406,0.826172,0.00590734,0.000736756,0.010982,14,445
0.567383,0.826855,0.00590473,0.000261519,0.0110037,14,158
0.568359,0.827344,0.00629263,0.00173995,0.010529,14,158
0.569336,0.827344,0.00599684,0.00028924,0.0114295,14,445
0.570312,0.828418,0.00540797,0.000184367,0.0109266,5,445
0.571289,0.828613,0.00589321,0.00129569,0.0094465,14,445
0.572266,0.82959,0.00598771,0.00112996,0.0105888,5,276
0.573242,0.830078,0.00605469,0.000351172,0.0101168,824,158
0.574219,0.830664,0.00568812,0.00109685,0.0106219,824,276
0.575195,0.83125,0.00539168,0.00156777,0.010151,5,276
0.576172,0.831934,0.0053881,0.00106159,0.0106572,5,276
0.577148,0.832129,0.00548207,0.000554886,0.0111639,5,276
0.578125,0.832324,0.00557594,0.00102421,0.0106945,5,276
0.579102,0.83291,0.00537109,0.000460113,0.0102821,824,216
0.580078,0.833789,0.00527344,8.15896e-06,0.00977378,5,216
0.581055,0.83418,0.00585938,0.00242903,0.0102663,5,276
0.582031,0.833594,0.00624331,0.000943129,0.0107756,824,276
0.583008,0.833887,0.00662962,0.000543295,0.0112855,14,276
0.583984,0.834766,0.00602384,0.000899447,0.0108193,14,276
0.584961,0.835352,0.00640542,0.000388545,0.0123068,14,276
0.585938,0.835156,0.0069821,0.000853688,0.0118416,14,276
0.586914,0.836621,0.00648436,0.00131831,0.011377,14,276
0.587891,0.8375,0.00520516,0.000805862,0.0109129,14,276
0.588867,0.8375,0.0053906,0.000292897,0.0124024,5,276
0.589844,0.838379,0.00517578,0.000220581,0.00954504,5,534
0.59082,0.838672,0.00551715,0.000734569,0.00952363,694,158
0.591797,0.838184,0.00506678,0.000272505,0.00906157,14,158
0.592773,0.83877,0.00501828,0.000787511,0.00897811,5,534
0.59375,0.839453,0.00475223,0.000650102,0.00911552,5,158
0.594727,0.83916,0.00542473,0.00111065,0.00892315,709,534
0.595703,0.839648,0.0059782,0.000382438,0.0101481,694,158
0.59668,0.840625,0.00667147,7.71004e-05,0.0108193,694,534
0.597656,0.841797,0.00694317,0.00141699,0.0131357,694,158
0.598633,0.841113,0.00557365,0.000994675,0.0107241,694,158
0.599609,0.841992,0.00663577,0.00145271,0.0112426,694,14
0.600586,0.84209,0.00711176,0.00288682,0.0117616,445,14
0.601562,0.841797,0.00700161,0.00251551,0.0113046,276,158
0.602539,0.84248,0.00689126,0.000870729,0.0118246,709,158
0.603516,0.843457,0.00648775,0.000350225,0.0113685,709,158
0.604492,0.843164,0.00598638,0.000805792,0.0118895,709,158
0.605469,0.843262,0.00665669,0.00166882,0.0114344,14,158
0.606445,0.84375,0.00659309,0.000237668,0.0114811,709,824
0.607422,0.844043,0.00682485,0.000216432,0.0129117,709,824
0.608398,0.844629,0.00681099,0.000670045,0.0133654,709,534
0.609375,0.844922,0.00711922,0.000146611,0.0138185,14,534
0.610352,0.845215,0.00763938,0.000377307,0.0152477,14,534
0.611328,0.845703,0.00764713,0.000901708,0.0156999,14,534
0.612305,0.846387,0.00792546,0.000450027,0.016075,14,158
0.613281,0.846582,0.00693406,0.000975389,0.0146496,14,534
0.614258,0.846973,0.00711435,0.00142846,0.0141238,709,534
0.615234,0.847363,0.00729445,0.00105099,0.0116443,14,694
0.616211,0.847949,0.0071588,0.00135191,0.0113434,14,158
0.617188,0.847754,0.007819,0.0018012,0.0118707,216,158
0.618164,0.848633,0.00779532,0.00127346,0.0123984,216,158
0.619141,0.848633,0.00806433,0.000745243,0.0129266,216,158
0.620117,0.849707,0.00877803,0.00271313,0.0134553,216,158
0.621094,0.849512,0.00856637,0.00128916,0.0139845,216,158
0.62207,0.850293,0.00835452,0.00181879,0.012561,216,276
0.623047,0.851367,0.00784951,0.00332544,0.0130911,216,276
0.624023,0.852051,0.00812557,0.003856,0.0136216,216,276
0.625,0.852148,0.00801081,0.00342547,0.0122145,14,824
0.625977,0.851953,0.00877478,0.00289399,0.0136362,14,824
0.626953,0.852832,0.00865966,0.00236203,0.0140808,14,824
0.62793,0.853418,0.00864201,0.00280619,0.0155015,14,824
0.628906,0.854004,0.00901479,0.00227331,0.0169218,445,824
0.629883,0.853906,0.00850849,0.00118971,0.0163884,216,824
0.630859,0.854492,0.00809966,0.000746933,0.0148781,216,824
0.631836,0.854883,0.00860629,0.000671946,0.0159296,445,158
0.632812,0.855469,0.00884396,0.00306693,0.0167388,216,824
0.633789,0.855859,0.00823927,0.00235104,0.0162037,445,824
0.634766,0.857324,0.00773206,0.00199617,0.0185116,14,158
0.635742,0.85752,0.00790826,0.00146011,0.0190477,14,158
0.636719,0.856445,0.00836666,0.00287672,0.0195842,14,158
0.637695,0.858008,0.00777184,0.00233976,0.0191446,14,158
0.638672,0.858105,0.00745922,0.0021039,0.0184039,216,824
0.639648,0.858594,0.00773236,0.00264176,0.0188426,216,824
0.640625,0.859082,0.00781001,0.00267931,0.0183043,5,824
0.641602,0.859375,0.0082781,0.00274225,0.0187421,216,824
0.642578,0.861328,0.00728117,0.000624805,0.0179299,445,158
0.643555,0.861328,0.00784657,0.00203829,0.0184695,445,158
0.644531,0.860938,0.00821647,0.00345134,0.018033,14,158
0.645508,0.861621,0.00790261,0.00388739,0.017597,445,158
0.646484,0.861621,0.00807685,0.00334643,0.0181379,14,158
0.647461,0.862207,0.00786029,0.00280503,0.0167262,14,158
0.648438,0.863965,0.00758155,0.000310072,0.0172681,5,158
0.649414,0.863965,0.00825434,0.000744364,0.0183225,5,824
0.650391,0.864746,0.00775518,0.000201659,0.0187563,5,824
0.651367,0.865527,0.00751953,0.000341481,0.0188962,5,158
0.652344,0.865625,0.00724486,9.15092e-05,0.0186462,216,824
0.65332,0.865723,0.00723372,0.000452495,0.0190788,216,824
0.654297,0.865625,0.00664062,2.03677e-05,0.0195109,5,824
0.655273,0.866113,0.00673828,0.00138789,0.0179895,445,824
0.65625,0.867188,0.00722656,0.00279572,0.0174442,445,824
0.657227,0.867188,0.0078125,0.00263281,0.0168984,14,824
0.658203,0.868262,0.00771484,0.0022024,0.0163523,14,824
0.65918,0.868848,0.00732422,0.00177241,0.0158057,14,824
0.660156,0.868359,0.00742187,0.000366279,0.0162353,14,824
0.661133,0.867871,0.00773999,6.28622e-05,0.0156879,5,824
0.662109,0.868555,0.00810613,0.00146154,0.0170931,5,694
0.663086,0.868652,0.00750819,5.66839e-05,0.0165449,5,694
0.664062,0.869336,0.00776566,0.000371193,0.0140431,216,824
0.665039,0.87002,0.00748395,0.000177911,0.013494,216,824
0.666016,0.869531,0.00752153,0.000249128,0.0178273,216,824
0.666992,0.869922,0.0080828,0.00165231,0.0172773,216,824
0.667969,0.869629,0.007765,0.00378086,0.0186801,5,824
0.668945,0.870508,0.00822829,0.00348087,0.0191059,216,824
0.669922,0.870703,0.00839844,0.00292969,0.0224609,216,824
0.670898,0.87168,0.00778717,0.00237809,0.0180031,216,824
0.671875,0.872852,0.00681053,0.000127047,0.0174511,5,824
0.672852,0.873437,0.00689536,0.00067947,0.0168987,5,824
0.673828,0.873926,0.00644067,0.000720823,0.0182989,5,824
0.674805,0.874023,0.00612172,0.000808981,0.0177457,216,824
0.675781,0.874414,0.00617279,0.000386069,0.0171921,5,824
0.676758,0.874414,0.00587395,0.000940126,0.0185911,5,824
0.677734,0.875195,0.00526154,0.000458536,0.0170601,216,824
0.678711,0.875293,0.0049612,9.63326e-05,0.0165052,5,824
0.679688,0.875879,0.00524077,0.000651606,0.01595,5,824
0.680664,0.876758,0.00522729,0.000745843,0.0134412,445,824
0.681641,0.876758,0.0055067,0.000786798,0.0128851,5,824
0.682617,0.877441,0.00549306,0.00134328,0.0152583,5,824
0.683594,0.877441,0.00578291,0.00102953,0.0147014,5,824
0.68457,0.877344,0.00604827,0.000472249,0.0180504,5,824
0.685547,0.877832,0.00593995,8.54296e-05,0.0174927,5,824
0.686523,0.878516,0.00553536,0.000643506,0.0169346,5,824
0.6875,0.879004,0.00552132,0.00120198,0.0163761,5,824
0.688477,0.879102,0.00480287,0.000192278,0.0158173,5,824
0.689453,0.880273,0.00434539,0.000609577,0.0142815,445,824
0.69043,0.880859,0.00450217,0.000926643,0.0137218,158,824
0.691406,0.881836,0.00380422,0.000510131,0.00925549,216,824
0.692383,0.882031,0.00330151,9.40103e-05,0.00967161,445,824
0.693359,0.88125,0.00396831,0.000321719,0.0159467,158,824
0.694336,0.882031,0.00376255,0.000239505,0.0153855,709,824
0.695312,0.882812,0.00433196,0.000175445,0.0158004,445,824
0.696289,0.883887,0.00419922,0.000386556,0.0152384,445,824
0.697266,0.88418,0.00469855,2.76181e-05,0.0146761,445,824
0.698242,0.884961,0.00477578,0.000441406,0.0141133,216,824
0.699219,0.885449,0.00534674,0.000854807,0.0135501,216,824
0.700195,0.885449,0.0062106,0.00126782,0.0149397,216,824
0.701172,0.885449,0.00668375,0.00168046,0.0143758,216,824
0.702148,0.886328,0.00647323,0.000139583,0.0138115,216,824
0.703125,0.886426,0.00626263,0.000425111,0.0142233,158,824
0.704102,0.886719,0.00585665,0.000962938,0.0136583,216,824
0.705078,0.886719,0.00652481,0.000397482,0.0140694,216,824
0.706055,0.887305,0.00605469,0.000168353,0.0144801,216,824
0.707031,0.887207,0.00624914,0.000241996,0.015867,445,824
0.708008,0.888184,0.00582719,0.000651967,0.0153004,445,824
0.708984,0.88877,0.00599103,8.49987e-05,0.0147334,445,824
0.709961,0.88916,0.00625119,0.000482345,0.0161192,216,824
0.710938,0.889844,0.0062206,0.00090306,0.0155515,445,824
0.711914,0.890234,0.0065793,0.00131153,0.0149834,445,824
0.712891,0.891016,0.00810972,0.00171962,0.0187882,216,158
0.713867,0.890332,0.00797985,0.00212735,0.0148227,216,824
0.714844,0.889941,0.00853341,0.0025347,0.0171831,445,824
0.71582,0.891406,0.00801261,0.00196512,0.0195432,216,824
0.716797,0.891992,0.00778463,0.00237173,0.0199499,445,824
0.717773,0.892383,0.00794713,0.00375453,0.0193795,445,824
0.71875,0.892383,0.00791416,0.00318384,0.0168557,445,824
0.719727,0.893066,0.00797871,0.00261279,0.013355,445,824
0.720703,0.89375,0.00687123,0.0010648,0.0127836,216,824
0.72168,0.893945,0.00605658,0.000493011,0.0122118,216,824
0.722656,0.894531,0.00602303,0.000897419,0.0116396,445,824
0.723633,0.89541,0.00569637,0.000324901,0.0110671,445,824
0.724609,0.895801,0.0053215,0.000728581,0.0104942,445,534
0.725586,0.896777,0.00501154,0.000155337,0.00992096,445,534
0.726562,0.897363,0.00509213,0.000558294,0.00837079,445,694
0.727539,0.897461,0.00468437,0.000960889,0.00877339,445,694
0.728516,0.897754,0.00513509,0.00136312,0.00917562,445,14
0.729492,0.898535,0.00494284,0.000188124,0.00860094,445,14
0.730469,0.898828,0.0051208,0.000213393,0.00802589,216,824
0.731445,0.899121,0.005494,0.00133857,0.00940362,445,14
0.732422,0.899414,0.00547651,0.000937769,0.010781,445,824
0.733398,0.900195,0.0055566,0.000537322,0.0131346,445,824
0.734375,0.900977,0.00560917,0.000839333,0.0125581,445,824
0.735352,0.901074,0.0054236,0.000714055,0.0158875,216,824
0.736328,0.901367,0.00618707,0.00129123,0.01824,216,824
0.737305,0.901758,0.00626687,8.43584e-05,0.0176625,694,824
0.738281,0.902441,0.00585833,0.000483037,0.0170846,694,824
0.739258,0.902246,0.0061333,0.00185793,0.0174829,14,824
0.740234,0.902734,0.00572462,0.00127934,0.0169043,14,824
0.741211,0.903418,0.00570649,0.000700403,0.0163254,14,824
0.742188,0.903711,0.00627422,0.000121118,0.0157461,14,824
0.743164,0.903809,0.00576172,0.000458516,0.0151665,14,824
0.744141,0.90498,0.00633527,0.000914628,0.0145865,445,824
0.745117,0.905371,0.00602389,0.0003343,0.0159593,445,824
0.746094,0.905664,0.00541948,0.000730188,0.0144021,14,824
0.74707,0.905664,0.00530327,0.000149169,0.0147976,14,824
0.748047,0.906836,0.00499169,0.000544367,0.0142162,445,824
0.749023,0.907715,0.00498047,3.73403e-05,0.0136345,445,824
0.75,0.908301,0.00524722,0.000357171,0.0130525,14,824
0.750977,0.908887,0.0048302,0.000225222,0.0114935,14,824
0.751953,0.909668,0.00478516,0.000168606,0.0109108,445,824
0.75293,0.910254,0.00428211,0.000414469,0.00837459,445,824
0.753906,0.910156,0.00449219,2.13225e-05,0.00881039,694,5
0.754883,0.911328,0.00378523,0.000371485,0.0113473,445,5
0.755859,0.912012,0.00443705,0.00118917,0.00997823,158,5
0.756836,0.9125,0.00426097,0.0017736,0.0105627,158,5
0.757812,0.912988,0.00428027,0.00138181,0.0101709,158,5
0.758789,0.912891,0.0037137,1.37889e-05,0.00977941,158,5
0.759766,0.913086,0.00304953,0.00059923,0.00938829,158,5
0.760742,0.91377,0.00252478,0.000208443,0.00997407,158,5
0.761719,0.914551,0.00295454,0.000794553,0.00958362,158,5
0.762695,0.914844,0.00359651,0.001381,0.0101701,158,5
0.763672,0.914453,0.00410449,0.000991211,0.0117041,445,824
0.764648,0.914746,0.00431957,0.00157832,0.0120936,445,824
0.765625,0.915039,0.00355815,0.000212635,0.0105296,445,824
0.766602,0.915039,0.00371094,0.000800406,0.00994178,694,824
0.767578,0.915918,0.00389098,0.000411944,0.0103302,694,824
0.768555,0.915625,0.00411109,2.38123e-05,0.0107184,14,824
0.769531,0.916016,0.00539595,0.000363991,0.0120827,14,534
0.770508,0.916406,0.00570908,0.00120166,0.0124702,445,534
0.771484,0.917285,0.00475275,0.00081451,0.00862701,445,5
0.772461,0.917969,0.0057496,0.00140425,0.0122676,445,534
0.773438,0.918848,0.00576996,4.11922e-05,0.0116776,694,534
0.774414,0.920312,0.00533076,0.000631584,0.0110872,216,534
0.775391,0.919922,0.00590852,0.000245738,0.0104964,216,534
0.776367,0.920508,0.0063894,0.00181334,0.010882,14,534
0.777344,0.920801,0.00546141,0.000524984,0.00931405,445,534
0.77832,0.920215,0.0047985,0.00090986,0.00969892,445,824
0.779297,0.921094,0.00534161,0.00065871,0.0100835,276,824
0.780273,0.921191,0.00542599,0.000274476,0.00949115,276,824
0.78125,0.921582,0.00515389,0.000867125,0.00987506,276,824
0.782227,0.921582,0.00566311,0.000483532,0.0102492,14,709
0.783203,0.92168,0.00490286,0.000100257,0.00888932,14,158
0.78418,0.921973,0.00570518,0.000693864,0.00907176,14,824
0.785156,0.922168,0.00537109,0.000665337,0.0094544,14,824
0.786133,0.922266,0.00527344,7.1095e-05,0.00983672,14,824
0.787109,0.923242,0.00557344,0.00150003,0.00931253,276,445
0.788086,0.923242,0.00530179,0.0020949,0.00962385,5,824
0.789062,0.923535,0.00512786,0.00171353,0.00902866,5,824
0.790039,0.923828,0.00449219,0.000620658,0.00843316,445,824
0.791016,0.925098,0.00458488,0.00192828,0.00778766,5,158
0.791992,0.925684,0.0047041,0.0023584,0.00838379,694,158
0.792969,0.925781,0.00472573,0.00176195,0.0099568,694,158
0.793945,0.927051,0.00396618,0.0011652,0.00957699,694,158
0.794922,0.927344,0.00379262,0.000408431,0.0101741,14,158
0.795898,0.927441,0.00342382,0.000947317,0.00784175,445,158
0.796875,0.927637,0.00322266,0.00034963,0.00718557,445,824
0.797852,0.928613,0.00385827,0.000728196,0.0070843,14,158
0.798828,0.928613,0.00339199,0.00012989,0.00598927,534,824
0.799805,0.928613,0.00360546,0.000468724,0.00636721,534,824
0.800781,0.929102,0.00431509,0.00204421,0.00692702,709,158
0.801758,0.928906,0.00351563,0.000286252,0.00654969,709,158
0.802734,0.928906,0.00371094,0.000313282,0.00554609,445,824
0.803711,0.929004,0.00382128,6.34402e-05,0.00689938,276,534
0.804688,0.928906,0.00379891,0.000439858,0.00737264,5,158
0.805664,0.928906,0.00426476,0.000160592,0.00765191,445,534
0.806641,0.929297,0.00453523,0.000761345,0.00759728,445,158
0.807617,0.929395,0.0049033,0.000385839,0.00840322,445,216
0.808594,0.929492,0.00507387,0.000987198,0.00877843,445,534
0.80957,0.930273,0.00522383,0.000612297,0.00940136,445,14
0.810547,0.929883,0.00459242,0.000237697,0.0075748,445,534
0.811523,0.930078,0.00437884,0.000136603,0.00669933,445,158
0.8125,0.931055,0.00469643,0.000465961,0.0073019,445,158
0.813477,0.93125,0.0046506,9.22612e-05,0.00772024,445,5
0.814453,0.932129,0.00411636,0.000695423,0.00753136,445,158
0.81543,0.933594,0.00364647,0.000322321,0.00813482,445,158
0.816406,0.933496,0.0040241,5.04837e-05,0.00873858,445,158
0.817383,0.934082,0.00350257,0.000553571,0.00934263,445,158
0.818359,0.935059,0.00318638,0.000795202,0.00799386,534,158
0.819336,0.93584,0.00345608,0.000190554,0.00859851,534,158
0.820312,0.935547,0.00390625,0.000414389,0.00822689,534,158
0.821289,0.93623,0.00302734,0.00101963,0.00785556,445,158
0.822266,0.936523,0.00292969,0.000648597,0.00748453,445,158
0.823242,0.936523,0.00326474,0.00125442,0.00809036,445,158
0.824219,0.936523,0.00355266,9.25834e-05,0.00869648,14,158
0.825195,0.936816,0.00360306,0.000462735,0.00827523,14,534
0.826172,0.937598,0.00394632,0.000832594,0.00864509,14,534
0.827148,0.937305,0.00380118,0.000750963,0.00901466,276,534
0.828125,0.937891,0.00336295,0.000594876,0.00840738,5,534
0.829102,0.93877,0.00283203,1.26996e-05,0.0077998,14,534
0.830078,0.939063,0.00307209,0.000355998,0.00914506,709,534
0.831055,0.939746,0.00263672,0.000252157,0.00853691,709,534
0.832031,0.940137,0.00231567,0.000115963,0.00792846,5,534
0.833008,0.939844,0.00283113,0.000492768,0.00731973,14,824
0.833984,0.939648,0.00309996,0.000851339,0.00866384,5,824
0.834961,0.940332,0.00273353,0.0012186,0.00805453,5,824
0.835938,0.940723,0.00268501,0.000609005,0.00939807,5,824
0.836914,0.941406,0.00273437,8.71459e-07,0.00976475,276,824
0.837891,0.941406,0.00292969,0.000611033,0.0101312,276,824
0.838867,0.941406,0.00268539,0.000244918,0.00952071,5,824
0.839844,0.941992,0.00256325,0.000120914,0.00890998,158,824
0.84082,0.942773,0.00224573,0.000486463,0.0073224,709,824
0.841797,0.943652,0.00207575,0.000124834,0.00768767,709,824
0.842773,0.943359,0.00219647,0.000240149,0.00805265,276,824
0.84375,0.944336,0.00226941,0.00060485,0.00744079,445,824
0.844727,0.945605,0.00205224,7.29265e-06,0.00391354,694,158
0.845703,0.945605,0.00205078,0.000619716,0.00452597,5,158
0.84668,0.945801,0.00185547,0.000255857,0.00365039,445,824
0.847656,0.94541,0.00224609,0.00086884,0.00499053,445,5
0.848633,0.946094,0.00185202,0.000471022,0.00441179,694,534
0.849609,0.946582,0.00185547,0.000142519,0.00404877,694,534
0.850586,0.947168,0.0017042,0.000220225,0.00368603,158,534
0.851562,0.948047,0.00211067,0.000393872,0.00351238,824,5
0.852539,0.948438,0.00235642,0.00100825,0.00387457,158,14
0.853516,0.948633,0.00208239,0.00033023,0.00423648,276,694
0.854492,0.948926,0.00152178,0.000284696,0.00362155,824,694
0.855469,0.948145,0.00170616,7.66648e-05,0.00593604,445,14
0.856445,0.949512,0.00107422,0.000437751,0.00239088,158,5
0.857422,0.949219,0.00195312,0.000178,0.0076345,445,14
0.858398,0.949512,0.0022826,0.000182538,0.00701848,709,14
0.859375,0.950391,0.0024305,0.00043376,0.00640218,158,14
0.860352,0.949805,0.00291493,0.000902794,0.00578561,5,824
0.861328,0.950586,0.00298688,0.000285951,0.00712189,5,824
0.862305,0.950977,0.00292969,0.000331163,0.00748134,5,824
0.863281,0.95166,0.0022517,2.80129e-05,0.00686395,445,824
0.864258,0.952246,0.0019734,0.000386918,0.00722286,445,824
0.865234,0.951953,0.00214844,0.000231009,0.0046518,5,824
0.866211,0.953613,0.00143937,0.000127357,0.00377889,694,709
0.867188,0.954004,0.00195369,0.000485453,0.0043917,445,534
0.868164,0.954395,0.00190878,0.000133282,0.00403953,216,709
0.869141,0.95459,0.00196107,0.000752285,0.00510709,5,534
0.870117,0.954883,0.00250175,0.000581569,0.00644094,445,824
0.871094,0.955469,0.00274956,0.000938594,0.00582141,445,824
0.87207,0.956445,0.00234779,0.000657774,0.00422504,694,534
0.873047,0.956445,0.00187833,0.000301282,0.00420753,694,709
0.874023,0.95625,0.0017688,5.49435e-05,0.00385131,158,709
0.875,0.957422,0.00198408,0.000410904,0.00349535,694,5
0.875977,0.958301,0.00198145,0.000209963,0.00411621,14,5
0.876953,0.95752,0.00149394,0.000145468,0.00502828,158,824
0.87793,0.958398,0.00204831,0.000475926,0.00535874,534,5
0.878906,0.958203,0.00202574,0.000121022,0.00573835,14,824
0.879883,0.958105,0.00190219,0.00023362,0.00511643,445,824
0.880859,0.959277,0.00232381,0.000587999,0.00527138,445,709
0.881836,0.959473,0.0024483,3.44462e-05,0.00589382,445,709
0.882812,0.959473,0.00205078,0.00031941,0.00553997,534,709
0.883789,0.959863,0.00185547,0.000303557,0.00420981,216,709
0.884766,0.960352,0.00214844,0.000926785,0.00385647,694,445
0.885742,0.960938,0.00214844,0.000402852,0.00447996,216,709
0.886719,0.961914,0.0019973,0.000220895,0.00510371,534,709
0.887695,0.9625,0.00229109,0.0008449,0.00475115,5,445
0.888672,0.962891,0.00215017,0.00048396,0.00537541,216,445
0.889648,0.9625,0.00195312,0.000140562,0.00502337,216,709
0.890625,0.962598,0.00209303,0.00021122,0.00564815,158,709
0.891602,0.963281,0.00172803,0.000413817,0.00432007,158,709
0.892578,0.96416,0.0020758,0.000914015,0.00494536,158,709
0.893555,0.964453,0.00228606,0.000288465,0.00557091,5,709
0.894531,0.964453,0.00273437,0.00033734,0.00619672,824,445
0.895508,0.965234,0.00253906,1.31617e-05,0.00682278,158,709
0.896484,0.965625,0.00227107,0.000363409,0.00647253,158,709
0.897461,0.965918,0.00235136,0.000263161,0.00612254,694,709
0.898438,0.965723,0.00283203,0.000889984,0.00674936,445,709
0.899414,0.966309,0.00254951,0.000436065,0.00542331,5,709
0.900391,0.966797,0.00257732,0.000785297,0.00605064,14,709
0.901367,0.966406,0.00192158,0.000818847,0.00374853,824,445
0.902344,0.96709,0.00243414,0.000470118,0.00437637,158,445
0.90332,0.967187,0.00234375,0.000854921,0.00500445,158,445
0.904297,0.968066,0.00220078,0.000226585,0.00465623,158,445
0.905273,0.968066,0.00154524,0.000402003,0.00430825,158,445
0.90625,0.968848,0.00149741,5.42773e-05,0.00396053,709,14
0.907227,0.968359,0.00181645,0.000293198,0.00556618,709,216
0.908203,0.96875,0.00169696,0.000336138,0.00521895,5,14
0.90918,0.968848,0.00166232,1.08393e-05,0.00294053,824,14
0.910156,0.969043,0.00121725,0.000357568,0.00354868,824,216
0.911133,0.969922,0.0015625,0.000272513,0.00417876,445,216
0.912109,0.97041,0.00185547,7.37205e-05,0.00383253,709,216
0.913086,0.97041,0.00166016,0.000419707,0.00446311,445,216
0.914062,0.970801,0.00146484,0.000211115,0.00411737,445,216
0.915039,0.971094,0.00181156,0.000134378,0.00474843,158,216
0.916016,0.971582,0.00224609,0.000479626,0.00537975,158,216
0.916992,0.972461,0.00220921,0.000151933,0.00503475,824,5
0.917969,0.973242,0.00210987,0.000192825,0.00566655,445,5
0.918945,0.97334,0.00222647,0.000439224,0.00532204,445,5
0.919922,0.973535,0.00208876,9.49548e-05,0.00497777,445,5
0.920898,0.973828,0.00248925,0.000249071,0.00708501,158,824
0.921875,0.975,0.00257398,0.000383709,0.00526652,158,5
0.922852,0.974902,0.00305144,4.01684e-05,0.00679577,445,824
0.923828,0.975977,0.00339437,0.000303129,0.00653281,158,5
0.924805,0.975977,0.0029326,0.000330377,0.00618975,158,216
0.925781,0.97666,0.00301988,1.24376e-05,0.00489525,534,824
0.926758,0.977051,0.00293865,0.000621551,0.00550436,709,5
0.927734,0.977148,0.00270659,0.000697344,0.00613859,709,5
0.928711,0.977441,0.00280688,6.28746e-05,0.00774963,709,5
0.929688,0.978516,0.00366341,0.000404728,0.00838433,534,5
0.930664,0.978809,0.00375141,0.000746342,0.00562915,534,824
0.931641,0.979199,0.0037419,0.000111154,0.00597053,534,824
0.932617,0.979395,0.00305614,0.000524272,0.00540708,709,5
0.933594,0.979297,0.00261241,0.000793189,0.00604275,709,5
0.93457,0.979395,0.00296443,0.000819275,0.00667865,445,5
0.935547,0.980078,0.00312123,0.000478852,0.00829135,158,5
0.936523,0.980762,0.00311054,0.000138665,0.00795117,158,5
0.9375,0.98125,0.00339485,0.000201285,0.00663465,158,5
0.938477,0.981152,0.00328868,0.00141213,0.00629494,709,14
0.939453,0.981543,0.00367093,0.00107265,0.00693202,709,14
0.94043,0.981738,0.0036627,0.00170997,0.00756934,709,14
0.941406,0.982324,0.00365461,0.00137096,0.00820689,276,14
0.942383,0.982812,0.00315837,5.56198e-05,0.00884468,534,14
0.943359,0.982324,0.00213293,0.000282921,0.00459989,158,694
0.944336,0.982715,0.00213974,0.000355335,0.00426158,158,14
0.945312,0.983398,0.00235756,1.72612e-05,0.00782976,158,14
0.946289,0.983887,0.00238025,0.000655983,0.00456223,216,14
0.947266,0.983887,0.00263243,0.00129494,0.00520119,709,14
0.948242,0.983789,0.00213704,0.00095756,0.00388725,709,14
0.949219,0.984375,0.00213006,0.000356148,0.00452666,534,5
0.950195,0.985254,0.00247289,0.000283501,0.00418975,534,5
0.951172,0.985547,0.00249652,0.00092338,0.00482963,534,14
0.952148,0.985645,0.0021297,0.000586927,0.00546974,824,14
0.953125,0.986328,0.00254431,0.000250704,0.00611008,216,14
0.954102,0.987109,0.00286146,0.00106185,0.00675065,445,14
0.955078,0.987598,0.00288581,0.000421053,0.00446176,445,5
0.956055,0.986914,0.00193379,0.000219974,0.00314966,445,14
0.957031,0.987988,0.00276283,0.000115333,0.00769717,445,14
0.958008,0.988477,0.00267459,0.000526151,0.00736209,445,14
0.958984,0.988965,0.00282802,0.000191299,0.00507411,445,216
0.959961,0.989453,0.00298168,0.000833238,0.00669261,445,14
0.960938,0.989453,0.00264728,0.0014754,0.00733478,158,14
0.961914,0.990234,0.00309436,0.00016467,0.00700061,158,14
0.962891,0.989453,0.00201302,0.000169274,0.00373698,445,5
0.963867,0.989746,0.00203901,0.000473569,0.00340326,158,5
0.964844,0.989941,0.00196753,0.000140076,0.00404633,445,5
0.96582,0.990625,0.00238451,0.00078337,0.00468962,445,5
0.966797,0.991016,0.00231339,0.000450326,0.00435658,445,5
0.967773,0.991406,0.00226594,0.000117506,0.00402376,824,14
0.96875,0.991992,0.00251929,0.000761473,0.00466772,824,14
0.969727,0.992969,0.00316348,0.00140566,0.00531191,709,5
0.970703,0.993457,0.00331961,0.00205008,0.00595633,445,14
0.97168,0.99375,0.00328065,0.00171815,0.00464784,445,5
0.972656,0.993945,0.00314426,0.000409882,0.00529269,5,14
0.973633,0.99375,0.00279709,0.000898163,0.00593777,824,14
0.974609,0.994141,0.0027274,0.000252861,0.00560651,824,14
0.975586,0.994824,0.00302938,0.00136922,0.00527547,824,14
0.976562,0.995215,0.00308919,0.00201497,0.00494466,824,276
0.977539,0.995605,0.00320296,0.000268756,0.00461406,14,5
0.978516,0.995605,0.00281883,0.000377428,0.00428368,14,5
0.979492,0.996387,0.00326993,0.00200039,0.00493008,824,5
0.980469,0.99668,0.00323296,0.00167046,0.00460014,824,5
0.981445,0.99668,0.00290324,0.00134074,0.00524699,694,14
0.982422,0.996777,0.00267139,0.00101123,0.00394092,694,445
0.983398,0.996875,0.00243976,0.000681951,0.00361164,14,445
0.984375,0.997461,0.00269664,0.00132945,0.00425914,824,445
0.985352,0.997559,0.00246544,0.0010006,0.00393029,14,158
0.986328,0.998145,0.00272275,0.00164853,0.00360166,14,158
0.987305,0.998633,0.00288262,0.00229668,0.00327324,445,158
0.988281,0.999219,0.00314036,0.00294505,0.00392161,445,158
0.989258,1,0.00359363,0.00359363,0.00359363,445,445
0.990234,1,0.00326586,0.00326586,0.00326586,445,445
0.991211,1,0.00293831,0.00293831,0.00293831,445,445
0.992188,1,0.00261098,0.00261098,0.00261098,445,445
0.993164,1,0.00228386,0.00228386,0.00228386,445,445
0.994141,1,0.00195695,0.00195695,0.00195695,445,445
0.995117,1,0.00163026,0.00163026,0.00163026,445,445
0.996094,1,0.00130378,0.00130378,0.00130378,445,445
0.99707,1,0.000977518,0.000977518,0.000977518,445,445
0.998047,1,0.000651466,0.000651466,0.000651466,445,445
0.999023,1,0.000325627,0.000325627,0.000325627,445,445
